title,n,mean_z,sd_z
Dune: Part Two,5,0.38358114757762524,0.4767570393169816
Spider-Man: Across the Spider-Verse,5,0.36498628348412687,0.387758995967276
Inside Out 2,5,0.12330916392380602,1.1039938172994463
Oppenheimer,5,0.0616378688567555,1.2351857781250284
Godzilla Minus One,5,-0.27559097483166317,0.8655123939901955
Barbie,5,-0.657923489010649,1.1698454055439864
